OPEN,HIGH,LOW,CLOSE,VOLUME,DATE_STR,TICKER,RETURN_60D,ACTIVE_BUY,MA20,MA50,ML_WINRATE,VOLUME_MA10,SECTOR,RS3M
6.95,7.02,6.89,6.9,656400,2026-08-20,AAA,2.071005917159763,7.633587786260064,7.075500000000001,7.0274,20,1380970.0,Cổ phiếu Tổng hợp,82.53275109170306
1.8,1.9,1.8,1.9,83900,2026-08-20,AAH,-36.66666666666667,99.009900990099,1.93,2.314,35,599350.0,Cổ phiếu Tổng hợp,1.9650655021834065
7.1,7.2,7.0,7.2,137400,2026-08-20,AAS,-15.294117647058824,99.50248756218906,7.260000000000001,7.94,35,300990.0,Cổ phiếu Tổng hợp,26.63755458515284
2.3,2.33,2.28,2.29,6400,2026-08-20,AAT,-18.214285714285705,19.60784313725525,2.3630000000000004,2.5906,20,18440.0,Cổ phiếu Tổng hợp,18.5589519650655
5.3,6.2,5.3,6.2,230900,2026-08-20,AAV,-17.333333333333336,99.88901220865704,6.369999999999999,6.626,35,226340.0,Cổ phiếu Tổng hợp,21.397379912663755
16.9,17.0,16.8,17.0,1579200,2026-08-20,ABB,26.112759643916903,99.50248756218906,17.03,16.4982,65,1077940.0,Cổ phiếu Tổng hợp,98.0349344978166
10.1,10.1,9.8,9.8,12800,2026-08-20,ABC,-6.666666666666665,0.0,10.2,10.202,20,5480.0,Cổ phiếu Tổng hợp,59.388646288209614
18.6,18.7,18.4,18.7,8700,2026-08-20,ABI,-4.10256410256411,99.66777408637874,18.71,18.998,35,17010.0,Cổ phiếu Tổng hợp,67.90393013100436
3.2,3.22,3.08,3.09,462400,2026-08-20,ABS,1.6447368421052655,7.092198581560126,3.091,3.0808,50,204660.0,Cổ phiếu Tổng hợp,82.09606986899564
14.2,14.6,14.2,14.5,212500,2026-08-20,ABW,39.42307692307692,74.8129675810475,14.054999999999998,13.264,95,154400.0,Cổ phiếu Tổng hợp,99.12663755458514
21.85,22.1,21.85,21.95,7594400,2026-08-20,ACB,3.342749529190203,39.84063745019835,22.275,22.4896,20,9103530.0,Cổ phiếu Tổng hợp,85.58951965065502
4.35,4.65,4.35,4.65,236800,2026-08-20,ACC,-62.94820717131474,99.66777408637874,4.64,8.205,65,753570.0,Cổ phiếu Tổng hợp,0.2183406113537117
31.05,32.0,31.05,32.0,400,2026-08-20,ACG,-6.432748538011701,99.89484752891693,31.5425,32.466,65,3400.0,Cổ phiếu Tổng hợp,60.043668122270745
11.8,11.8,11.65,11.65,8300,2026-08-19,ACL,-11.406844106463875,0.0,12.44,12.567,20,6520.0,Cổ phiếu Tổng hợp,41.70305676855895
40.8,41.1,40.5,40.9,243200,2026-08-20,ACV,-6.833712984054674,66.55574043261193,40.115,41.86,65,538920.0,Cổ phiếu Tổng hợp,58.515283842794766
8.1,8.18,8.05,8.15,255400,2026-08-20,ADS,0.4932182490752224,76.33587786259572,7.961500000000001,8.0364,95,113270.0,Cổ phiếu Tổng hợp,80.13100436681223
9.92,10.2,9.9,10.05,108100,2026-08-20,AFX,-5.188679245283012,49.83388704318966,10.265,10.196,20,164220.0,Cổ phiếu Tổng hợp,64.41048034934498
11.0,11.05,10.85,11.0,60400,2026-08-20,AGG,-8.333333333333337,74.62686567164157,11.2525,11.493999999999998,35,139140.0,Cổ phiếu Tổng hợp,52.40174672489083
12.75,12.85,12.65,12.75,178900,2026-08-20,AGR,-12.969283276450517,49.75124378109453,12.995,14.019,20,254510.0,Cổ phiếu Tổng hợp,35.1528384279476
6.9,6.9,6.7,6.7,2800,2026-08-20,ALV,-8.21917808219178,0.0,6.790000000000001,6.844000000000001,20,1830.0,Cổ phiếu Tổng hợp,53.05676855895196
6.8,6.9,6.8,6.8,11400,2026-08-20,AMS,-32.00000000000001,0.0,6.85,7.311999999999999,20,12200.0,Cổ phiếu Tổng hợp,2.6200873362445414
1.2,1.3,1.2,1.2,133600,2026-08-20,AMV,-20.000000000000007,0.0,1.255,1.348,20,451870.0,Cổ phiếu Tổng hợp,13.864628820960698
16.75,16.95,16.55,16.7,343500,2026-08-20,ANV,-24.263038548752835,37.40648379052347,17.1825,18.948,20,540780.0,Cổ phiếu Tổng hợp,7.860262008733625
4.7,4.83,4.7,4.71,133000,2026-08-20,APG,2.3913043478260843,7.633587786259385,4.747,4.9294,20,284260.0,Cổ phiếu Tổng hợp,84.49781659388647
6.1,6.16,5.99,6.0,242100,2026-08-20,APH,8.108108108108114,5.847953216374147,5.776,5.6082,80,377700.0,Cổ phiếu Tổng hợp,91.92139737991266
5.6,5.6,5.3,5.3,292200,2026-08-20,API,-13.114754098360647,0.0,5.61,5.892,20,128240.0,Cổ phiếu Tổng hợp,34.49781659388647
5.9,5.9,5.4,5.7,868500,2026-08-20,APS,-16.176470588235293,59.88023952095804,6.005,6.486000000000001,35,330190.0,Cổ phiếu Tổng hợp,24.45414847161572
5.92,5.93,5.88,5.89,215200,2026-08-20,ASM,0.1700680272108901,19.60784313725455,5.8950000000000005,5.9238,20,193090.0,Cổ phiếu Tổng hợp,79.47598253275109
12.8,12.9,12.45,12.6,46300,2026-08-20,ASP,70.73170731707317,33.25942350332594,11.642500000000002,9.842,80,166930.0,Cổ phiếu Tổng hợp,99.78165938864628
63.5,63.5,62.5,62.6,1200,2026-08-20,AST,5.796856515125914,9.990009990010131,63.53,62.3786,50,3580.0,Cổ phiếu Tổng hợp,90.17467248908298
32.3,32.3,31.75,32.2,1436100,2026-08-20,BAF,11.534464842396952,81.66969147005538,30.7575,30.1002,95,1983750.0,Cổ phiếu Tổng hợp,94.32314410480348
20.2,20.2,20.2,20.2,200,2026-08-20,BCA,-5.607476635514019,0.0,19.625,20.156,80,1330.0,Cổ phiếu Tổng hợp,62.44541484716157
5.8,6.0,5.8,5.9,26400,2026-08-20,BCC,-15.714285714285714,49.75124378109475,6.005000000000001,6.5360000000000005,20,22810.0,Cổ phiếu Tổng hợp,25.76419213973799
5.63,5.64,5.51,5.64,10700,2026-08-20,BCE,-36.7713004484305,99.23664122137404,5.6235,6.915800000000001,65,86790.0,Cổ phiếu Tổng hợp,1.7467248908296942
41.85,41.85,40.2,40.6,901500,2026-08-20,BCM,-24.953789279112748,24.22774076317377,39.1075,45.24799999999999,50,1419780.0,Cổ phiếu Tổng hợp,6.550218340611353
9.8,10.4,9.4,9.4,4300,2026-08-20,BDT,0.0,0.0,9.09,9.095999999999998,80,11640.0,Cổ phiếu Tổng hợp,78.93013100436681
48.1,48.1,47.3,47.8,195800,2026-08-20,BFC,-10.06585136406397,62.42197253433175,47.811,50.3924,35,162720.0,Cổ phiếu Tổng hợp,43.23144104803494
21.7,21.7,20.9,20.9,17600,2026-08-20,BIC,-12.368972746331252,0.0,21.1725,22.344,20,15920.0,Cổ phiếu Tổng hợp,36.68122270742359
35.9,36.1,35.55,35.85,2149900,2026-08-20,BID,-8.825025432349943,54.44646098003665,35.3755,36.8756,65,3899440.0,Cổ phiếu Tổng hợp,49.34497816593886
4.6,4.8,4.5,4.8,282000,2026-08-20,BIG,-14.893617021276595,99.66777408637874,4.69,4.746,95,440220.0,Cổ phiếu Tổng hợp,27.947598253275107
1.99,2.05,1.97,2.04,187300,2026-08-20,BKG,-11.304347826086946,86.41975308641999,2.083,2.2714000000000003,35,144590.0,Cổ phiếu Tổng hợp,39.737991266375545
2.7,2.7,2.7,2.7,100,2026-08-18,BLF,8.000000000000007,0.0,2.645,2.636,80,640.0,Cổ phiếu Tổng hợp,93.16239316239316
8.0,8.0,8.0,8.0,100,2026-08-20,BLI,-9.090909090909092,0.0,7.979999999999999,8.174,50,6460.0,Cổ phiếu Tổng hợp,48.68995633187773
11.15,11.25,11.1,11.2,6800,2026-08-20,BMC,-13.178294573643424,66.22516556291352,11.32,11.925999999999998,35,4560.0,Cổ phiếu Tổng hợp,34.27947598253275
7.8,7.8,7.8,7.8,100,2026-08-12,BMF,4.000000000000004,0.0,7.495,7.667999999999999,80,460.0,Cổ phiếu Tổng hợp,85.25641025641025
13.5,13.5,13.2,13.4,32400,2026-08-20,BMI,-9.459459459459463,66.44518272425269,13.377499999999998,13.773,65,45950.0,Cổ phiếu Tổng hợp,47.16157205240175
144.0,144.9,143.0,143.6,55500,2026-08-20,BMP,3.832248734634836,31.56233561283496,148.265,148.816,20,68470.0,Cổ phiếu Tổng hợp,86.46288209606988
13.1,13.3,13.0,13.2,105900,2026-08-20,BMS,-2.583025830258312,66.44518272425209,13.225,13.7512,35,101790.0,Cổ phiếu Tổng hợp,72.27074235807859
2.5,2.5,2.5,2.5,35600,2026-08-14,BNA,-59.67741935483871,0.0,4.955,5.55,20,185660.0,Cổ phiếu Tổng hợp,0.8528784648187633
28.0,28.0,27.5,27.7,113800,2026-08-20,BSI,-13.572542901716067,39.92015968063858,27.985,31.3864,20,335910.0,Cổ phiếu Tổng hợp,32.314410480349345
26.85,27.05,26.35,27.0,8275400,2026-08-20,BSR,-4.187366926898505,92.72467902995707,25.477,25.1942,95,11090440.0,Cổ phiếu Tổng hợp,67.24890829694323
2.5,2.8,2.5,2.8,400,2026-08-20,BTN,-3.4482758620689724,99.66777408637874,2.72,2.716,95,730.0,Cổ phiếu Tổng hợp,69.86899563318777
7.48,7.48,7.3,7.39,14200,2026-08-20,BTP,-12.023809523809536,49.72375690607711,7.519500000000001,7.9254,20,29580.0,Cổ phiếu Tổng hợp,36.8995633187773
12.0,12.0,11.8,11.9,410600,2026-08-20,BVB,-4.799999999999994,49.75124378109453,12.2975,12.845999999999998,20,683860.0,Cổ phiếu Tổng hợp,65.28384279475983
67.2,67.5,66.4,66.6,177100,2026-08-20,BVH,-0.5970149253731405,18.165304268845567,63.620000000000005,62.72,80,462610.0,Cổ phiếu Tổng hợp,77.72925764192141
26.1,26.3,25.5,25.9,267700,2026-08-20,BVS,-1.8939393939393925,49.93757802746545,26.315,28.32,20,590520.0,Cổ phiếu Tổng hợp,74.45414847161572
42.75,42.75,42.0,42.65,88500,2026-08-20,BWE,-1.1587485515643148,86.55126498002645,43.64,43.7978,35,112880.0,Cổ phiếu Tổng hợp,76.2008733624454
15.35,15.35,15.35,15.35,300,2026-08-20,C32,23.890234059725568,0.0,15.605,16.0286,20,1310.0,Cổ phiếu Tổng hợp,97.59825327510916
8.7,8.8,8.62,8.8,9000,2026-08-20,C47,-7.172995780590719,99.4475138121547,9.023500000000002,9.1904,35,31240.0,Cổ phiếu Tổng hợp,56.98689956331878
5.5,5.6,5.4,5.5,90200,2026-08-20,C4G,-19.11764705882353,49.75124378109453,5.619999999999999,6.151999999999999,20,306060.0,Cổ phiếu Tổng hợp,15.502183406113538
16.6,16.9,16.2,16.8,599500,2026-08-20,C69,-5.61797752808989,85.59201141226848,17.134999999999998,18.106,35,365190.0,Cổ phiếu Tổng hợp,62.227074235807855
5.7,5.7,5.7,5.7,2300,2026-08-19,CAG,-17.391304347826086,0.0,5.8,6.176,20,1550.0,Cổ phiếu Tổng hợp,23.14410480349345
43.7,43.7,43.5,43.7,1500,2026-08-20,CAP,-0.6818181818181723,99.50248756218906,43.645,45.944,65,11520.0,Cổ phiếu Tổng hợp,77.29257641921397
3.61,3.61,3.58,3.61,10800,2026-08-20,CCL,-9.523809523809534,96.77419354838707,3.621,3.8904,35,25380.0,Cổ phiếu Tổng hợp,46.2882096069869
19.6,19.7,19.2,19.5,171900,2026-08-20,CDC,-6.25,59.88023952095822,18.93,18.921000000000003,95,219660.0,Cổ phiếu Tổng hợp,60.37117903930132
4.1,5.0,4.0,4.5,3100,2026-08-20,CDR,-2.1739130434782483,49.95004995004996,4.34,4.452000000000001,80,2670.0,Cổ phiếu Tổng hợp,73.36244541484717
11.6,11.9,11.5,11.6,2201700,2026-08-20,CEO,-25.25773195876289,24.937655860349015,11.76,13.264,20,4934040.0,Cổ phiếu Tổng hợp,6.331877729257641
6.81,7.08,6.81,7.08,17100,2026-08-20,CIG,17.999999999999993,99.63099630996312,7.118,7.0828,35,19690.0,Cổ phiếu Tổng hợp,96.94323144104804
14.55,14.6,14.1,14.15,5984200,2026-08-20,CII,-18.91117478510028,9.980039920159822,13.8175,15.495,50,8652780.0,Cổ phiếu Tổng hợp,16.593886462882097
5.65,5.84,5.65,5.82,12000,2026-08-20,CKG,-20.16460905349794,89.00523560209443,5.8395,6.3428,35,26940.0,Cổ phiếu Tổng hợp,13.537117903930133
13.0,13.1,13.0,13.1,9800,2026-08-20,CLX,-5.346820809248554,99.009900990099,13.16,13.5034,35,21390.0,Cổ phiếu Tổng hợp,63.75545851528385
23.6,24.0,23.6,23.65,99800,2026-08-20,CMG,-14.311594202898558,12.4688279301739,24.42,25.805,20,126070.0,Cổ phiếu Tổng hợp,29.694323144104807
6.0,6.3,5.9,6.0,31400,2026-08-20,CMS,-4.761904761904756,24.93765586034907,6.0600000000000005,6.48,20,21690.0,Cổ phiếu Tổng hợp,65.72052401746726
4.8,4.89,4.76,4.8,26500,2026-08-20,CMX,-15.789473684210533,30.53435114503822,4.746,5.1814,50,31440.0,Cổ phiếu Tổng hợp,25.218340611353717
21.95,21.95,21.95,21.95,300,2026-08-20,CNG,-2.444444444444449,0.0,20.5875,20.977,80,7650.0,Cổ phiếu Tổng hợp,72.70742358078603
5.0,5.0,5.0,5.0,200,2026-08-20,CNT,-23.076923076923077,0.0,5.295,5.726,20,2300.0,Cổ phiếu Tổng hợp,9.388646288209609
5.37,5.4,5.32,5.37,57800,2026-08-20,CRC,-19.49025487256372,61.72839506172812,5.5635,5.8552,35,530530.0,Cổ phiếu Tổng hợp,15.283842794759824
6.89,6.9,6.74,6.9,167900,2026-08-20,CRE,-12.988650693568715,99.37888198757764,7.0265,7.053999999999999,35,163990.0,Cổ phiếu Tổng hợp,34.93449781659388
10.1,10.2,9.8,10.2,38300,2026-08-20,CSC,-18.72509960159363,99.75062344139651,10.32,11.3016,35,18210.0,Cổ phiếu Tổng hợp,17.248908296943235
15.3,15.3,15.3,15.3,600,2026-08-19,CSI,-9.999999999999998,0.0,15.66,16.316000000000003,20,14900.0,Cổ phiếu Tổng hợp,48.03493449781659
14.0,14.0,13.65,13.95,101200,2026-08-20,CSM,15.767634854771773,85.47008547008525,14.277499999999998,13.658,65,142410.0,Cổ phiếu Tổng hợp,96.2882096069869
10.2,10.2,10.2,10.2,100,2026-08-20,CST,-18.40000000000001,0.0,10.09,10.572,50,7000.0,Cổ phiếu Tổng hợp,17.903930131004365
21.15,21.35,20.85,20.95,186400,2026-08-20,CSV,-17.51968503937008,19.960079840318937,21.475,22.593,20,252390.0,Cổ phiếu Tổng hợp,20.3056768558952
61.8,62.2,61.5,61.5,180000,2026-08-20,CTD,-14.819944598337951,0.0,60.915,65.692,50,237590.0,Cổ phiếu Tổng hợp,28.602620087336245
20.9,21.2,20.75,21.0,312000,2026-08-20,CTF,15.70247933884299,55.43237250554333,19.2925,18.063,95,344110.0,Cổ phiếu Tổng hợp,96.0698689956332
31.2,31.4,31.15,31.4,2809300,2026-08-20,CTG,-8.508158508158514,99.601593625498,31.1525,32.0694,65,6871220.0,Cổ phiếu Tổng hợp,50.65502183406113
16.75,17.0,16.75,16.9,111300,2026-08-20,CTI,-9.090909090909092,59.76095617529824,17.293,17.731199999999998,35,226180.0,Cổ phiếu Tổng hợp,48.68995633187773
6.8,6.8,6.4,6.6,86100,2026-08-20,CTP,-27.472527472527474,49.87531172069814,6.83,7.600000000000001,20,74150.0,Cổ phiếu Tổng hợp,4.366812227074235
76.5,77.2,76.2,76.8,188100,2026-08-20,CTR,-2.7232425585813846,59.94005994005938,74.215,73.6258,95,308760.0,Cổ phiếu Tổng hợp,72.0524017467249
21.9,22.1,21.7,21.8,444300,2026-08-20,CTS,1.1131725417439895,24.937655860349352,21.855,24.25,20,1572290.0,Cổ phiếu Tổng hợp,80.78602620087337
27.7,27.7,27.4,27.5,4100,2026-08-20,D2D,-14.0625,33.22259136212664,27.309999999999995,29.101,50,23040.0,Cổ phiếu Tổng hợp,30.349344978165934
2.36,2.37,2.34,2.35,2900,2026-08-20,DAH,-16.666666666666664,32.25806451612952,2.4565,2.8591999999999995,20,75990.0,Cổ phiếu Tổng hợp,22.925764192139734
16.0,16.1,15.85,15.9,543400,2026-08-20,DBC,-16.622968012585215,19.920318725099744,16.342499999999998,17.343000000000004,20,954600.0,Cổ phiếu Tổng hợp,23.36244541484716
49.2,49.2,48.65,49.2,15100,2026-08-20,DBD,-2.9585798816568087,99.8185117967332,49.2675,50.136,35,34680.0,Cổ phiếu Tổng hợp,71.61572052401746
6.8,6.82,6.72,6.79,48400,2026-08-20,DC4,-9.345794392523366,69.30693069306922,6.656499999999999,6.935,65,102790.0,Cổ phiếu Tổng hợp,47.81659388646288
38.5,39.3,38.3,38.8,800600,2026-08-20,DCL,2.9177718832891,49.95004995004996,39.025,38.374,50,784230.0,Cổ phiếu Tổng hợp,85.37117903930131
30.6,31.3,30.3,31.3,3326800,2026-08-20,DCM,-17.653249144961848,99.90009990009992,30.809999999999995,32.197399999999995,65,2249850.0,Cổ phiếu Tổng hợp,20.087336244541483
0.9,1.1,0.9,1.0,243500,2026-08-20,DDG,-28.57142857142857,49.7512437810945,0.99,0.964,80,710300.0,Cổ phiếu Tổng hợp,3.711790393013101
18.0,18.0,17.7,17.8,387800,2026-08-20,DDV,-26.446280991735527,33.22259136212664,18.425,20.8364,20,255320.0,Cổ phiếu Tổng hợp,5.240174672489083
41.4,41.7,41.25,41.4,238600,2026-08-20,DGC,-13.025210084033622,33.25942350332542,40.8475,44.269,50,416140.0,Cổ phiếu Tổng hợp,34.71615720524017
3.7,3.7,3.4,3.6,32200,2026-08-20,DGT,-7.692307692307687,66.44518272425249,3.535,3.684,65,32450.0,Cổ phiếu Tổng hợp,54.14847161572053
42.65,42.95,42.05,42.7,817100,2026-08-20,DGW,2.644230769230771,72.14206437291915,38.9825,38.958,95,1462050.0,Cổ phiếu Tổng hợp,84.93449781659389
50.2,51.6,50.2,50.9,23800,2026-08-20,DHA,10.941586748038358,49.964311206280975,48.725,47.934,80,33100.0,Cổ phiếu Tổng hợp,93.88646288209608
36.8,37.1,36.15,36.55,596400,2026-08-20,DHC,13.438857852265665,42.06098843322791,33.9075,33.0562,80,411960.0,Cổ phiếu Tổng hợp,95.19650655021834
93.8,93.8,93.3,93.3,1500,2026-08-20,DHG,-1.1652542372881491,0.0,93.6,93.28,50,5370.0,Cổ phiếu Tổng hợp,75.9825327510917
6.8,6.95,6.5,6.8,1100,2026-08-20,DHM,5.426356589147274,66.51884700665181,6.468500000000001,6.3976,95,6690.0,Cổ phiếu Tổng hợp,89.30131004366812
56.9,56.9,55.2,56.1,8500,2026-08-20,DHT,-16.268656716417908,52.91005291005296,57.75,61.46799999999999,35,6710.0,Cổ phiếu Tổng hợp,24.23580786026201
3.3,3.3,3.2,3.2,2200,2026-08-20,DID,-13.513513513513509,0.0,3.44,3.678,20,4320.0,Cổ phiếu Tổng hợp,32.96943231441048
10.5,10.55,10.3,10.3,2434800,2026-08-20,DIG,-23.70370370370369,0.0,10.5175,11.588,20,5951070.0,Cổ phiếu Tổng hợp,8.73362445414847
4.3,4.4,4.3,4.3,19300,2026-08-20,DL1,-18.867924528301884,0.0,4.445,4.768,20,115450.0,Cổ phiếu Tổng hợp,16.812227074235807
2.18,2.2,2.15,2.17,339300,2026-08-20,DLG,-18.113207547169807,39.21568627450963,2.2455,2.4202,20,359170.0,Cổ phiếu Tổng hợp,18.995633187772924
30.0,30.0,28.6,29.0,515500,2026-08-20,DPG,-27.300075206818757,28.55103497501777,29.2625,32.899,20,326090.0,Cổ phiếu Tổng hợp,4.585152838427948
21.7,21.8,21.45,21.8,1246000,2026-08-20,DPM,-9.917355371900817,99.71509971509973,21.775,21.7726,95,2250370.0,Cổ phiếu Tổng hợp,44.54148471615721
36.6,36.65,36.3,36.3,71900,2026-08-20,DPR,-12.53012048192772,0.0,36.03,37.556,50,221530.0,Cổ phiếu Tổng hợp,36.02620087336245
9.1,9.1,9.1,9.1,4700,2026-08-20,DQC,-9.632571996027815,0.0,9.2585,9.2508,20,7030.0,Cổ phiếu Tổng hợp,45.85152838427948
10.45,10.5,10.35,10.45,26800,2026-08-20,DRC,-13.636363636363637,66.22516556291352,10.419,11.0146,65,94380.0,Cổ phiếu Tổng hợp,32.096069868995635
1.68,1.71,1.65,1.71,101600,2026-08-20,DRH,-15.763546798029548,98.36065573770492,1.639,1.7805999999999995,65,386170.0,Cổ phiếu Tổng hợp,25.54585152838428
13.7,13.8,13.6,13.7,554200,2026-08-20,DRI,-2.1428571428571463,49.75124378109408,13.185,13.412,80,604520.0,Cổ phiếu Tổng hợp,73.58078602620087
10.6,10.8,10.6,10.8,6900,2026-08-20,DSC,-14.960629921259828,99.50248756218906,10.805,11.92,35,11070.0,Cổ phiếu Tổng hợp,27.510917030567683
8.4,8.6,8.4,8.6,37600,2026-08-20,DST,36.50793650793651,99.50248756218906,8.16,10.102,65,114820.0,Cổ phiếu Tổng hợp,98.90829694323143
3.64,3.64,3.4,3.49,900,2026-08-20,DTA,1.1594202898550732,37.34439834024905,3.557,3.5316,20,3480.0,Cổ phiếu Tổng hợp,81.00436681222706
11.4,11.4,11.2,11.3,84800,2026-08-20,DTD,-11.372549019607836,49.75124378109497,11.98,12.8144,20,114790.0,Cổ phiếu Tổng hợp,39.30131004366812
2.0,2.0,2.0,2.0,100,2026-08-20,DTI,5.263157894736836,0.0,1.875,1.932,80,6870.0,Cổ phiếu Tổng hợp,88.8646288209607
5.0,5.2,5.0,5.2,12400,2026-08-20,DVM,-27.77777777777778,99.50248756218906,5.225,5.884,35,60900.0,Cổ phiếu Tổng hợp,4.148471615720524
18.1,18.2,17.9,18.1,17800,2026-08-20,DVN,-12.56038647342994,66.44518272425329,18.565,19.442,35,36930.0,Cổ phiếu Tổng hợp,35.80786026200873
10.95,11.05,10.85,10.85,2905400,2026-08-20,DXG,-18.726591760299627,0.0,10.7835,11.6964,50,9661210.0,Cổ phiếu Tổng hợp,17.03056768558952
14.7,14.7,14.4,14.5,121700,2026-08-20,DXP,9.022556390977442,33.222591362126245,14.145,13.478,80,231040.0,Cổ phiếu Tổng hợp,92.5764192139738
5.85,5.85,5.75,5.77,742300,2026-08-20,DXS,-24.47643979057592,19.80198019801945,5.865,6.561600000000001,20,1651260.0,Cổ phiếu Tổng hợp,7.20524017467249
16.95,17.1,16.8,16.9,2296600,2026-08-20,EIB,-20.843091334894627,33.222591362125456,17.65,19.073,20,4688950.0,Cổ phiếu Tổng hợp,12.008733624454148
1.7,1.7,1.6,1.7,1800,2026-08-20,EIN,-29.166666666666664,99.009900990099,1.73,1.906,35,3520.0,Cổ phiếu Tổng hợp,3.4934497816593884
14.8,14.9,14.65,14.85,162100,2026-08-20,ELC,-6.896551724137934,79.68127490039812,15.335,15.932,35,243940.0,Cổ phiếu Tổng hợp,57.96943231441048
8.3,8.4,8.3,8.4,8500,2026-08-20,EVE,-6.873614190687349,99.009900990099,8.472,8.7216,35,4410.0,Cổ phiếu Tổng hợp,58.29694323144105
12.4,12.5,12.3,12.3,441700,2026-08-20,EVF,-9.890109890109889,0.0,12.365,12.786,20,1256790.0,Cổ phiếu Tổng hợp,44.75982532751092
4.33,4.33,4.12,4.25,1340000,2026-08-20,EVG,-24.37722419928826,61.6113744075829,4.351000000000001,4.9078,35,697620.0,Cổ phiếu Tổng hợp,7.641921397379912
5.3,5.5,5.3,5.3,136400,2026-08-20,EVS,15.217391304347828,0.0,5.625,5.532,20,221550.0,Cổ phiếu Tổng hợp,95.85152838427948
2.99,3.03,2.99,3.01,21100,2026-08-20,FCM,-3.215434083601288,48.780487804877495,3.037,3.148,20,22350.0,Cổ phiếu Tổng hợp,70.52401746724891
11.2,11.2,11.0,11.15,212600,2026-08-20,FCN,-13.56589147286822,74.62686567164224,10.94,11.364,65,444050.0,Cổ phiếu Tổng hợp,32.532751091703055
4.11,4.25,4.1,4.25,145900,2026-08-20,FIR,-20.560747663551396,99.33774834437084,4.479,4.812,35,476710.0,Cổ phiếu Tổng hợp,12.445414847161572
3.12,3.12,3.09,3.1,72300,2026-08-20,FIT,-20.308483290488432,32.25806451612952,3.0795000000000003,3.4164,50,143210.0,Cổ phiếu Tổng hợp,13.100436681222709
33.65,34.15,33.65,34.1,3500,2026-08-20,FMC,-1.4450867052023142,89.82035928143769,33.980000000000004,34.607,65,10460.0,Cổ phiếu Tổng hợp,75.764192139738
60.4,60.6,60.4,60.6,8600,2026-08-20,FOC,3.8560411311054033,99.50248756218906,61.9865,62.1866,35,53180.0,Cổ phiếu Tổng hợp,86.68122270742357
64.4,64.8,63.9,64.2,44100,2026-08-20,FOX,-19.950124688279303,33.29633740288621,64.24499999999999,69.182,20,61010.0,Cổ phiếu Tổng hợp,14.628820960698691
69.1,70.3,69.1,69.8,4468100,2026-08-20,FPT,-1.966292134831471,58.28476269775198,68.505,69.65799999999999,95,4853550.0,Cổ phiếu Tổng hợp,74.0174672489083
142.9,147.0,142.1,145.0,426800,2026-08-20,FRT,16.223148445014424,59.17159763313615,131.96999999999997,123.2076,95,726610.0,Cổ phiếu Tổng hợp,96.50655021834062
21.85,21.85,21.55,21.55,285600,2026-08-20,FTS,-9.453781512605042,0.0,21.695,24.189,20,835850.0,Cổ phiếu Tổng hợp,47.379912663755455
8.7,8.9,8.7,8.8,79600,2026-08-20,G36,-14.563106796116498,49.75124378109497,8.925,9.472,20,39460.0,Cổ phiếu Tổng hợp,29.03930131004367
83.9,84.4,82.2,83.5,1112700,2026-08-20,GAS,2.2031823745410017,59.06406179009521,74.16499999999999,75.78,95,1892790.0,Cổ phiếu Tổng hợp,83.4061135371179
12.3,12.4,12.2,12.3,41800,2026-08-20,GDA,-10.21897810218977,49.75124378109497,12.36,12.96,20,16500.0,Cổ phiếu Tổng hợp,42.79475982532751
16.0,16.0,15.95,15.95,500,2026-08-20,GDT,-2.267156862745101,0.0,15.8775,16.2134,50,4990.0,Cổ phiếu Tổng hợp,72.92576419213974
65.1,66.5,64.8,65.0,766600,2026-08-20,GEE,-39.38828795225662,11.75778953556746,67.92,78.732,20,1612810.0,Cổ phiếu Tổng hợp,1.0917030567685588
12.4,12.5,12.35,12.45,126900,2026-08-20,GEG,-7.914201183431957,66.22516556291352,12.21,12.854,65,174530.0,Cổ phiếu Tổng hợp,53.7117903930131
24.8,24.95,24.4,24.55,3882300,2026-08-20,GEX,-23.99380804953559,27.2232304900185,23.885,26.476,50,10339940.0,Cổ phiếu Tổng hợp,8.296943231441048
7.61,7.93,7.61,7.79,45500,2026-08-20,GIL,-38.17460317460317,56.074766355140206,7.603,9.3464,65,232250.0,Cổ phiếu Tổng hợp,1.5283842794759823
78.7,78.9,77.0,77.0,1948800,2026-08-20,GMD,6.206896551724128,0.0,76.68,76.25399999999999,80,1671250.0,Cổ phiếu Tổng hợp,90.6113537117904
9.92,9.92,9.8,9.81,4400,2026-08-20,GSP,-3.634577603143408,8.264462809917232,9.798,9.924,50,39840.0,Cổ phiếu Tổng hợp,69.43231441048034
6.27,7.19,6.27,7.19,200,2026-08-20,GTA,-20.199778024417306,99.8914223669924,7.9815,8.6058,35,340.0,Cổ phiếu Tổng hợp,13.31877729257642
31.95,31.95,31.2,31.45,1405800,2026-08-20,GVR,-8.44250363901019,33.288948069241016,29.43,30.939,80,3126830.0,Cổ phiếu Tổng hợp,51.52838427947598
14.1,14.1,13.95,14.05,955200,2026-08-20,HAG,-9.354838709677416,66.2251655629147,14.054999999999998,14.521,35,1644290.0,Cổ phiếu Tổng hợp,47.59825327510917
47.75,48.05,47.0,47.5,1020700,2026-08-20,HAH,-8.424908424908416,47.57373929590879,45.7725,47.934,50,835120.0,Cổ phiếu Tổng hợp,51.7467248908297
7.11,7.32,7.11,7.32,105900,2026-08-20,HAP,4.571428571428582,99.52606635071088,7.178,7.015,95,69500.0,Cổ phiếu Tổng hợp,87.99126637554585
2.68,2.69,2.6,2.64,91000,2026-08-20,HAR,-19.512195121951216,43.95604395604406,2.8565,3.059,20,64420.0,Cổ phiếu Tổng hợp,15.065502183406112
8.86,9.0,8.86,9.0,69400,2026-08-20,HAX,-9.999999999999998,99.29078014184395,8.824,9.1824,65,109430.0,Cổ phiếu Tổng hợp,43.66812227074236
4.0,4.0,3.9,4.0,128300,2026-08-20,HBC,-20.0,99.009900990099,4.18,4.564,35,528290.0,Cổ phiếu Tổng hợp,14.301310043668122
4.0,4.2,3.6,4.1,11200,2026-08-14,HBS,-45.333333333333336,83.1946755407653,4.23,5.207999999999999,35,7810.0,Cổ phiếu Tổng hợp,1.279317697228145
6.21,6.3,6.15,6.21,35300,2026-08-20,HCD,-6.896551724137934,39.735099337748224,6.183999999999999,6.5446,50,35380.0,Cổ phiếu Tổng hợp,57.96943231441048
25.1,25.2,24.9,25.1,1598400,2026-08-20,HCM,5.684210526315803,66.44518272425329,25.415,24.6988,65,4276730.0,Cổ phiếu Tổng hợp,89.95633187772926
9.8,9.8,9.8,9.8,100,2026-08-19,HD2,-3.9215686274509673,0.0,9.16,9.656,80,670.0,Cổ phiếu Tổng hợp,68.5589519650655
7.6,7.8,7.5,7.5,9300,2026-08-20,HD6,-11.764705882352944,0.0,7.85,8.234,20,3500.0,Cổ phiếu Tổng hợp,37.66375545851528
26.8,27.0,26.7,26.85,8925400,2026-08-20,HDB,3.868471953578334,49.83388704318996,26.327500000000004,26.274,80,9206450.0,Cổ phiếu Tổng hợp,86.8995633187773
11.65,11.7,11.5,11.6,397000,2026-08-20,HDC,-25.497752087347468,49.75124378109453,11.66,13.4324,20,899450.0,Cổ phiếu Tổng hợp,5.676855895196507
15.75,15.95,15.75,15.75,452500,2026-08-20,HDG,-27.218114602587807,0.0,16.3125,18.295,20,994810.0,Cổ phiếu Tổng hợp,5.021834061135371
0.8,0.8,0.7,0.8,36600,2026-08-20,HHG,0.0,99.009900990099,0.785,0.802,65,42160.0,Cổ phiếu Tổng hợp,78.93013100436681
15.0,15.1,14.75,15.0,1122300,2026-08-20,HHP,8.303249097472932,71.2250712250713,14.534,14.030600000000002,95,1773640.0,Cổ phiếu Tổng hợp,92.13973799126636
9.89,9.89,9.7,9.8,471600,2026-08-20,HHS,-14.035087719298245,52.35602094240876,9.8505,10.5334,35,768000.0,Cổ phiếu Tổng hợp,30.67685589519651
9.96,9.99,9.91,9.93,1223300,2026-08-20,HHV,-11.654804270462638,24.69135802469081,10.038,10.4034,20,2606680.0,Cổ phiếu Tổng hợp,38.646288209606986
3.49,3.5,3.38,3.44,160600,2026-08-20,HID,-18.0952380952381,49.58677685950413,3.443,3.7888,20,284530.0,Cổ phiếu Tổng hợp,19.21397379912664
8.89,8.89,8.73,8.85,305500,2026-08-20,HII,55.26315789473684,74.53416149068268,7.9925000000000015,6.657600000000001,95,661880.0,Cổ phiếu Tổng hợp,99.56331877729258
7.7,7.7,7.7,7.7,10000,2026-08-20,HIO,-3.749999999999998,0.0,7.260000000000001,7.495999999999999,80,2560.0,Cổ phiếu Tổng hợp,69.21397379912663
13.4,13.5,13.0,13.5,37300,2026-08-20,HLD,-15.094339622641506,99.8003992015968,13.775,14.504,35,62400.0,Cổ phiếu Tổng hợp,27.292576419213976
9.7,9.7,9.7,9.7,300,2026-08-18,HMR,2.105263157894721,0.0,9.81,9.808,20,2730.0,Cổ phiếu Tổng hợp,83.97435897435898
32.4,32.4,32.4,32.4,100,2026-08-20,HMS,-4.705882352941182,0.0,29.895,31.394,80,3050.0,Cổ phiếu Tổng hợp,65.93886462882097
6.7,6.7,6.5,6.6,512500,2026-08-20,HNG,-8.333333333333337,49.75124378109431,6.695,6.856,20,747400.0,Cổ phiếu Tổng hợp,52.40174672489083
8.2,8.2,8.0,8.1,487000,2026-08-20,HNM,6.578947368421062,49.75124378109453,8.02,8.176,50,304430.0,Cổ phiếu Tổng hợp,90.82969432314412
4.0,4.0,4.0,4.0,1500,2026-08-20,HOM,-4.761904761904767,0.0,3.97,3.99,80,5260.0,Cổ phiếu Tổng hợp,65.50218340611353
21.25,21.45,21.15,21.15,15156400,2026-08-20,HPG,-11.875000000000002,0.0,21.58,22.375,20,17780870.0,Cổ phiếu Tổng hợp,37.33624454148472
4.2,4.22,4.15,4.15,656700,2026-08-20,HPX,-5.46697038724372,0.0,4.2325,4.2668,20,618830.0,Cổ phiếu Tổng hợp,63.1004366812227
2.16,2.18,2.13,2.16,1223400,2026-08-20,HQC,-10.743801652892548,58.82352941176489,2.1775,2.3642000000000003,35,3056810.0,Cổ phiếu Tổng hợp,41.04803493449782
10.55,10.65,10.5,10.5,1071900,2026-08-20,HSG,-16.33466135458168,0.0,10.68,11.193,20,1537580.0,Cổ phiếu Tổng hợp,24.017467248908297
8.95,8.96,8.77,8.8,173600,2026-08-20,HSL,84.10041841004185,15.706806282723004,8.5385,8.2402,80,180160.0,Cổ phiếu Tổng hợp,100.0
4.1,4.1,3.9,3.9,2100,2026-08-20,HSV,-11.363636363636376,0.0,4.005,4.164,20,2810.0,Cổ phiếu Tổng hợp,39.51965065502184
13.0,13.0,12.7,12.8,75700,2026-08-20,HT1,-7.246376811594201,33.22259136212664,12.72,13.011,50,219370.0,Cổ phiếu Tổng hợp,56.55021834061136
2.7,2.7,2.7,2.7,4700,2026-08-20,HTE,-9.999999999999998,0.0,2.71,2.79,20,6040.0,Cổ phiếu Tổng hợp,43.66812227074236
34.75,34.75,34.75,34.75,500,2026-08-19,HTG,3.238265002970886,0.0,34.177499999999995,34.0972,80,6760.0,Cổ phiếu Tổng hợp,87.55458515283843
18.7,18.7,18.55,18.6,5600,2026-08-20,HTI,-14.325195762321508,33.11258278145773,18.4925,19.158,50,9110.0,Cổ phiếu Tổng hợp,29.475982532751093
8.15,8.45,8.15,8.4,404800,2026-08-20,HTN,11.55378486055778,83.0564784053159,7.2995,7.107200000000001,95,268030.0,Cổ phiếu Tổng hợp,94.5414847161572
2.8,2.8,2.8,2.8,3100,2026-08-19,HU3,-9.677419354838722,0.0,2.875,2.89,20,34320.0,Cổ phiếu Tổng hợp,49.67248908296944
9.3,9.3,9.2,9.2,1500,2026-08-20,HU4,-3.157894736842115,0.0,9.275,9.416,20,4770.0,Cổ phiếu Tổng hợp,70.74235807860262
12.5,12.55,12.5,12.5,3300,2026-08-20,HUB,-3.846153846153844,0.0,12.2725,12.562,50,4840.0,Cổ phiếu Tổng hợp,68.99563318777294
13.0,13.1,12.7,12.9,1204600,2026-08-20,HUT,-16.774193548387096,49.87531172069848,13.895,14.73,20,1291000.0,Cổ phiếu Tổng hợp,22.270742358078603
1.9,1.9,1.7,1.8,49300,2026-08-14,HVA,-87.58620689655172,49.75124378109459,3.99,4.828,20,56340.0,Cổ phiếu Tổng hợp,0.2132196162046908
10.7,11.35,10.65,11.35,891600,2026-08-20,HVH,9.555984555984566,99.8573466476462,10.684,10.3718,95,244960.0,Cổ phiếu Tổng hợp,93.0131004366812
22.95,23.0,22.7,22.7,355100,2026-08-20,HVN,5.581395348837215,0.0,22.925,23.378,20,608450.0,Cổ phiếu Tổng hợp,89.73799126637554
23.3,23.4,23.0,23.4,4200,2026-08-20,HVT,-9.161490683229822,99.75062344139651,23.71,24.2656,35,9510.0,Cổ phiếu Tổng hợp,48.25327510917031
1.6,1.7,1.5,1.7,3500,2026-08-20,ICF,-39.28571428571428,99.50248756218906,2.01,2.176,35,5410.0,Cổ phiếu Tổng hợp,1.310043668122271
17.0,17.0,17.0,17.0,5100,2026-08-20,ICT,0.1767825574543469,0.0,16.905,16.676599999999997,80,7230.0,Cổ phiếu Tổng hợp,79.6943231441048
32.4,32.6,31.7,31.8,1708800,2026-08-20,IDC,-16.028518616318976,11.09877913429536,33.05,34.3336,20,1095150.0,Cổ phiếu Tổng hợp,24.67248908296943
4.81,4.84,4.79,4.8,75800,2026-08-20,IDI,-16.376306620209068,19.60784313725455,4.8455,5.2134,20,202240.0,Cổ phiếu Tổng hợp,23.799126637554583
3.7,3.7,3.5,3.6,627000,2026-08-20,IDJ,-20.0,49.75124378109453,3.72,4.016,20,396730.0,Cổ phiếu Tổng hợp,14.301310043668122
20.5,20.6,20.3,20.6,2400,2026-08-20,IDV,-9.251101321585898,99.66777408637874,20.655,21.45,35,7420.0,Cổ phiếu Tổng hợp,48.03493449781659
7.2,7.29,7.15,7.18,787300,2026-08-20,IJC,-21.701199563794983,21.27659574468045,7.341500000000001,8.0876,20,2613350.0,Cổ phiếu Tổng hợp,11.353711790393014
6.4,6.4,6.2,6.2,3300,2026-08-20,ILA,5.084745762711851,0.0,6.739999999999999,7.038,20,26620.0,Cổ phiếu Tổng hợp,88.64628820960698
37.3,37.5,37.05,37.2,9300,2026-08-20,IMP,-18.11578252256217,33.25942350332699,36.475,39.3712,50,16180.0,Cổ phiếu Tổng hợp,18.77729257641921
14.61,14.61,13.04,13.48,12300,2026-08-20,IPA,0.0,28.00763844684922,13.186000000000002,13.3,80,24490.0,Cổ phiếu Tổng hợp,78.93013100436681
10.15,10.25,10.1,10.25,33100,2026-08-20,ITC,-17.338709677419363,99.33774834437084,10.2395,11.0058,65,51160.0,Cổ phiếu Tổng hợp,21.17903930131004
11.3,12.2,11.15,12.0,6800,2026-08-20,ITD,-10.913140311804014,80.87535680304477,12.0425,12.5996,35,11190.0,Cổ phiếu Tổng hợp,40.39301310043668
2.5,2.6,2.5,2.5,9200,2026-08-20,ITQ,-7.407407407407418,0.0,2.605,2.61,20,58440.0,Cổ phiếu Tổng hợp,55.89519650655021
6.4,6.4,6.3,6.3,4100,2026-08-20,IVS,-9.482758620689658,0.0,6.35,6.554000000000001,20,24560.0,Cổ phiếu Tổng hợp,46.72489082969432
2.95,2.97,2.91,2.93,52000,2026-08-20,JVC,-20.38043478260869,32.78688524590164,3.014,3.2710000000000004,20,123030.0,Cổ phiếu Tổng hợp,12.882096069868997
26.9,27.25,26.8,27.1,1380000,2026-08-20,KBC,-11.43790849673203,66.51884700665215,27.7425,28.575,35,1291710.0,Cổ phiếu Tổng hợp,39.082969432314414
51.3,51.8,50.6,51.7,86800,2026-08-20,KDC,2.5793650793650924,91.59034138218198,50.9075,50.275,95,101650.0,Cổ phiếu Tổng hợp,84.71615720524017
17.45,17.5,17.1,17.15,3051100,2026-08-20,KDH,-25.43478260869566,12.4688279301739,17.6375,19.633,20,4537230.0,Cổ phiếu Tổng hợp,5.895196506550218
5.3,5.3,5.3,5.3,1400,2026-08-19,KGM,0.0,0.0,5.209999999999999,5.3180000000000005,50,1530.0,Cổ phiếu Tổng hợp,80.13100436681223
4.77,4.79,4.75,4.77,1591500,2026-08-20,KHG,-5.5445544554455495,48.78048780487696,4.7585,4.8688,50,1958070.0,Cổ phiếu Tổng hợp,62.66375545851528
9.79,9.79,9.79,9.79,100,2026-08-20,KHP,5.042918454935608,0.0,9.605999999999998,9.5588,80,1470.0,Cổ phiếu Tổng hợp,88.42794759825327
12.35,12.4,12.25,12.4,150200,2026-08-20,KLB,11.510791366906492,99.33774834437084,12.085,12.156200000000002,95,424820.0,Cổ phiếu Tổng hợp,94.10480349344978
34.8,34.95,34.4,34.95,270600,2026-08-20,KOS,-7.783641160949861,99.8185117967332,35.0275,36.227,35,181200.0,Cổ phiếu Tổng hợp,53.930131004366814
13.8,13.8,13.3,13.5,713800,2026-08-20,KSB,-10.89108910891089,39.92015968063858,13.517499999999998,14.077,20,1394290.0,Cổ phiếu Tổng hợp,40.61135371179039
0.9,1.0,0.9,0.9,13200,2026-08-14,KSQ,-62.5,0.0,1.14,1.794,20,89530.0,Cổ phiếu Tổng hợp,0.6396588486140725
1.1,1.1,1.0,1.0,260000,2026-08-20,KVC,-16.666666666666664,0.0,1.055,1.102,20,227620.0,Cổ phiếu Tổng hợp,22.925764192139734
20.5,21.2,20.5,20.5,31100,2026-08-20,L14,-7.657657657657657,0.0,19.805,20.13,80,165230.0,Cổ phiếu Tổng hợp,54.36681222707424
14.6,14.7,14.6,14.7,1500,2026-08-20,L18,-13.325471698113212,99.009900990099,15.495,16.3572,35,11330.0,Cổ phiếu Tổng hợp,34.06113537117904
11.6,12.5,11.6,12.5,160100,2026-08-20,LAS,-18.300653594771244,99.88901220865704,11.935,13.015999999999998,65,166060.0,Cổ phiếu Tổng hợp,18.340611353711797
7.03,7.09,7.0,7.01,331700,2026-08-20,LCG,-17.43227326266196,10.989010989010772,7.105999999999999,7.800800000000001,20,714750.0,Cổ phiếu Tổng hợp,20.52401746724891
2.7,2.74,2.66,2.67,458800,2026-08-20,LDG,-8.247422680412376,12.345679012345403,2.77,3.0138,20,422620.0,Cổ phiếu Tổng hợp,52.838427947598255
8.3,8.3,8.1,8.2,1900,2026-08-20,LDP,3.797468354430356,49.75124378109408,8.03,8.17,80,39380.0,Cổ phiếu Tổng hợp,86.02620087336244
4.93,5.06,4.93,5.06,9200,2026-08-20,LGL,-9.642857142857142,99.23664122137404,4.993,5.069,65,13770.0,Cổ phiếu Tổng hợp,45.633187772925766
26.3,26.3,25.5,25.95,62600,2026-08-20,LHG,3.551476456504399,56.17977528089874,25.9705,26.1126,35,151440.0,Cổ phiếu Tổng hợp,85.80786026200873
3.1,3.3,3.1,3.2,102000,2026-08-20,LIG,-17.948717948717942,49.75124378109464,3.29,3.55,20,92480.0,Cổ phiếu Tổng hợp,19.65065502183406
25.1,25.1,24.95,24.95,1100,2026-08-20,LIX,-13.96551724137931,0.0,24.9125,26.288,50,15060.0,Cổ phiếu Tổng hợp,31.00436681222708
51.0,51.3,49.65,50.0,2725200,2026-08-20,LPB,-5.660377358490565,21.19927316777721,52.46,51.986,20,2905310.0,Cổ phiếu Tổng hợp,62.00873362445415
34.3,35.0,34.2,35.0,40400,2026-08-20,LSG,4.477611940298498,99.87515605493134,34.25,34.248000000000005,95,41160.0,Cổ phiếu Tổng hợp,87.55458515283843
7.96,7.99,7.95,7.98,33500,2026-08-20,LSS,-3.623188405797084,73.17073170731761,8.013,8.1442,35,45750.0,Cổ phiếu Tổng hợp,69.65065502183407
20.3,20.3,19.8,20.0,2100,2026-08-20,M10,-3.100775193798455,39.92015968063858,20.365,20.762400000000003,20,3820.0,Cổ phiếu Tổng hợp,70.96069868995633
20.0,20.35,20.0,20.3,10904100,2026-08-20,MBB,1.3479780329505695,85.47008547008532,19.622,19.8502,95,11982980.0,Cổ phiếu Tổng hợp,81.4410480349345
2.3,2.4,2.2,2.2,126100,2026-08-20,MBG,-18.518518518518512,0.0,2.335,2.536,20,118090.0,Cổ phiếu Tổng hợp,17.46724890829694
16.9,17.2,16.9,16.9,1790800,2026-08-20,MBS,-10.20191285866101,0.0,17.292499999999997,18.4862,20,3911780.0,Cổ phiếu Tổng hợp,43.01310043668122
2.5,2.6,2.5,2.6,15600,2026-08-20,MCG,8.333333333333348,99.009900990099,2.5,2.522,95,26440.0,Cổ phiếu Tổng hợp,92.35807860262008
136.5,138.5,136.5,138.0,553700,2026-08-20,MCH,7.317831868730074,74.96251874062969,136.389,133.7276,95,288640.0,Cổ phiếu Tổng hợp,91.26637554585152
26.1,26.6,26.0,26.5,35700,2026-08-20,MCM,-4.847396768402157,83.19467554076519,26.3225,27.4,65,29140.0,Cổ phiếu Tổng hợp,65.06550218340611
4.8,4.9,4.7,4.7,4100,2026-08-20,MCO,-5.999999999999995,0.0,4.84,5.456,20,3600.0,Cổ phiếu Tổng hợp,60.91703056768559
31.1,31.1,30.3,30.3,25700,2026-08-20,MFS,-13.428571428571423,0.0,30.625,31.91,20,6710.0,Cổ phiếu Tổng hợp,33.18777292576419
10.4,10.4,10.4,10.4,100,2026-08-20,MGC,-4.587155963302747,0.0,10.29,10.794,50,1530.0,Cổ phiếu Tổng hợp,66.15720524017468
7.25,7.58,7.25,7.58,3200,2026-08-20,MHC,-16.7032967032967,99.69788519637464,8.0315,8.5526,35,16060.0,Cổ phiếu Tổng hợp,22.489082969432317
16.85,16.85,16.65,16.75,44700,2026-08-20,MIG,-9.946236559139788,49.75124378109453,16.7375,17.237000000000002,50,88200.0,Cổ phiếu Tổng hợp,44.32314410480349
28.0,28.1,27.7,28.0,15000,2026-08-20,MML,-9.090909090909092,74.81296758104716,28.03,28.622,35,18570.0,Cổ phiếu Tổng hợp,48.68995633187773
14.7,14.8,14.7,14.8,2200,2026-08-20,MPC,-7.499999999999996,99.00990099009904,14.89,15.344,35,7400.0,Cổ phiếu Tổng hợp,55.45851528384279
15.75,15.8,15.55,15.75,3112800,2026-08-20,MSB,4.304635761589415,79.68127490039812,16.0,15.922,35,5477370.0,Cổ phiếu Tổng hợp,87.33624454148472
30.25,30.55,29.95,30.0,262700,2026-08-20,MSH,-12.790697674418606,8.319467554076637,30.73,32.028,20,118380.0,Cổ phiếu Tổng hợp,35.37117903930131
66.5,68.9,66.3,68.1,7132100,2026-08-20,MSN,-9.801324503311273,69.20415224913461,66.78,68.61,65,3937620.0,Cổ phiếu Tổng hợp,44.97816593886463
43.0,43.8,42.6,43.0,1515800,2026-08-20,MSR,8.04020100502514,33.30557868442964,38.755,38.116,80,1598380.0,Cổ phiếu Tổng hợp,91.70305676855897
10.1,10.2,10.0,10.0,814900,2026-08-20,MST,21.95121951219514,0.0,10.135000000000002,9.648,50,1440030.0,Cổ phiếu Tổng hợp,97.37991266375546
72.3,73.2,71.9,72.7,2493500,2026-08-20,MWG,-4.979741210299304,61.491160645657104,70.80449999999999,73.9786,65,2801170.0,Cổ phiếu Tổng hợp,64.62882096069869
11.5,11.65,11.5,11.55,1385700,2026-08-20,NAB,-5.327868852459005,33.11258278145735,11.95,12.493999999999998,20,1331890.0,Cổ phiếu Tổng hợp,64.19213973799127
48.1,48.2,47.95,48.05,259700,2026-08-20,NAF,-9.680451127819556,39.84063745019694,48.0225,48.729,50,301350.0,Cổ phiếu Tổng hợp,45.414847161572055
6.8,6.8,6.7,6.7,48100,2026-08-20,NAG,-13.548387096774196,0.0,6.722,6.8872,20,51650.0,Cổ phiếu Tổng hợp,32.751091703056765
16.95,17.1,16.95,17.0,6700,2026-08-20,NBB,-3.409090909090917,33.11258278145696,17.19,17.28,20,24060.0,Cổ phiếu Tổng hợp,70.08733624454149
7.4,7.5,7.4,7.5,3400,2026-08-20,NBC,-6.832298136645976,99.009900990099,7.4465,7.6692,65,18360.0,Cổ phiếu Tổng hợp,58.73362445414847
10.9,10.9,10.6,10.6,300,2026-08-18,NCG,1.923076923076916,0.0,11.12,11.934,20,4270.0,Cổ phiếu Tổng hợp,83.76068376068376
8.7,8.7,8.5,8.7,90400,2026-08-20,NDN,-17.9245283018868,99.50248756218906,9.004999999999999,9.908,35,164700.0,Cổ phiếu Tổng hợp,19.86899563318777
5.6,5.6,5.6,5.6,9500,2026-08-20,NED,-16.417910447761198,0.0,5.66,6.14,20,26620.0,Cổ phiếu Tổng hợp,23.580786026200872
7.8,7.96,7.61,7.77,133500,2026-08-20,NHA,-27.24719101123596,45.58404558404542,8.139,8.9686,20,113490.0,Cổ phiếu Tổng hợp,4.80349344978166
9.8,9.8,9.3,9.75,183900,2026-08-20,NHH,-5.797101449275354,89.82035928143698,9.785,10.0044,35,43820.0,Cổ phiếu Tổng hợp,61.57205240174672
10.55,10.7,10.5,10.6,553600,2026-08-20,NKG,-14.859437751004013,49.75124378109453,10.8975,11.4368,20,1608220.0,Cổ phiếu Tổng hợp,28.38427947598253
23.15,23.8,23.1,23.45,2235700,2026-08-20,NLG,-9.98080614203456,49.928673323822856,22.14,24.184,50,1896400.0,Cổ phiếu Tổng hợp,44.10480349344978
4.84,4.84,4.66,4.83,600,2026-08-19,NO1,-1.8292682926829285,93.92265193370176,4.819,4.918800000000001,65,7290.0,Cổ phiếu Tổng hợp,75.10917030567686
4.7,4.9,4.7,4.8,529700,2026-08-20,NRC,-20.000000000000007,49.75124378109431,4.7700000000000005,5.582000000000001,50,1163470.0,Cổ phiếu Tổng hợp,13.864628820960698
4.1,4.2,4.1,4.2,8100,2026-08-20,NSH,-12.49999999999999,99.009900990099,4.19,4.404,65,15900.0,Cổ phiếu Tổng hợp,36.24454148471616
21.35,21.4,21.2,21.25,381700,2026-08-20,NT2,-7.608695652173914,24.875621890547706,21.26,21.859,20,436910.0,Cổ phiếu Tổng hợp,54.80349344978166
12.65,12.7,12.35,12.5,247900,2026-08-20,NTL,-22.600619195046438,42.73504273504288,13.592499999999998,14.54,20,601150.0,Cổ phiếu Tổng hợp,9.60698689956332
50.6,50.9,50.2,50.8,158300,2026-08-20,NTP,1.437699680511173,85.5920114122679,49.405,49.57,95,258210.0,Cổ phiếu Tổng hợp,81.6593886462882
12.0,12.2,11.8,11.9,378300,2026-08-20,NVB,5.309734513274322,24.93765586034913,11.37,12.538,50,635820.0,Cổ phiếu Tổng hợp,89.08296943231441
12.9,13.1,12.8,13.0,9021100,2026-08-20,NVL,-7.14285714285714,66.44518272425249,13.2775,12.893999999999998,65,13717390.0,Cổ phiếu Tổng hợp,57.42358078602619
3.7,3.7,3.6,3.7,2500,2026-08-20,NXT,-9.756097560975595,99.009900990099,3.87,3.996,35,1710.0,Cổ phiếu Tổng hợp,45.19650655021834
10.9,10.95,10.85,10.9,1248400,2026-08-20,OCB,6.653620352250478,49.50495049505038,10.5325,10.7612,80,2742420.0,Cổ phiếu Tổng hợp,91.0480349344978
6.3,6.3,6.2,6.2,10200,2026-08-20,OCH,-35.416666666666664,0.0,6.404999999999999,6.97,20,27390.0,Cổ phiếu Tổng hợp,2.4017467248908297
46.5,46.7,46.4,46.6,16100,2026-08-20,ODE,1.5250544662309462,66.44518272425249,46.685,46.47,65,16520.0,Cổ phiếu Tổng hợp,81.87772925764192
2.15,2.18,2.14,2.15,42300,2026-08-20,OGC,-36.57817109144544,24.39024390243848,2.1685000000000003,2.508,20,131390.0,Cổ phiếu Tổng hợp,2.1834061135371177
13.4,13.5,13.0,13.3,725300,2026-08-20,OIL,-9.523809523809511,59.88023952095822,13.235,13.452,65,1294000.0,Cổ phiếu Tổng hợp,46.50655021834061
10.5,10.5,9.8,9.8,2900,2026-08-20,ONE,-14.035087719298245,0.0,11.1,11.126,20,1100.0,Cổ phiếu Tổng hợp,30.67685589519651
13.8,13.8,13.5,13.6,976100,2026-08-20,ORS,3.8167938931297662,33.222591362126046,13.855,13.702,20,3421030.0,Cổ phiếu Tổng hợp,86.24454148471615
15.5,15.5,15.15,15.25,53800,2026-08-20,PAC,-25.42787286063569,28.49002849002842,15.670000000000002,17.252,20,132960.0,Cổ phiếu Tổng hợp,6.11353711790393
19.25,19.75,19.0,19.5,332400,2026-08-20,PAN,-21.749598715890865,66.57789613848203,20.53,21.606,35,463720.0,Cổ phiếu Tổng hợp,11.135371179039302
2.2,2.3,2.2,2.3,592600,2026-08-20,PAS,-20.6896551724138,99.009900990099,2.34,2.48,35,475640.0,Cổ phiếu Tổng hợp,12.22707423580786
5.3,5.4,5.2,5.4,12900,2026-08-20,PBC,-8.47457627118644,99.50248756218906,5.325,5.51,65,6340.0,Cổ phiếu Tổng hợp,50.87336244541485
20.35,20.35,20.05,20.1,684900,2026-08-20,PC1,5.51181102362206,16.61129568106332,20.9125,21.2,20,1291080.0,Cổ phiếu Tổng hợp,89.51965065502183
18.3,18.6,18.2,18.5,111700,2026-08-20,PCH,-10.411622276029052,74.81296758104716,18.158,17.881800000000002,95,84370.0,Cổ phiếu Tổng hợp,41.92139737991266
11.9,12.05,11.8,11.8,3020500,2026-08-20,PDR,-28.48484848484848,0.0,11.8525,13.281999999999998,20,5344800.0,Cổ phiếu Tổng hợp,3.930131004366813
8.29,8.3,8.26,8.3,17200,2026-08-20,PDV,-8.388520971302427,97.56097560975616,8.3475,8.7058,35,7120.0,Cổ phiếu Tổng hợp,51.96506550218341
38.4,39.0,38.4,38.8,150100,2026-08-20,PET,15.16770555060849,66.55574043261193,38.4275,37.432,95,466990.0,Cổ phiếu Tổng hợp,95.63318777292577
1.7,1.7,1.6,1.6,40700,2026-08-20,PFL,-23.809523809523814,0.0,1.6,1.804,20,28460.0,Cổ phiếu Tổng hợp,8.51528384279476
12.7,12.7,12.65,12.65,7900,2026-08-20,PGC,2.263540824575605,0.0,12.6725,12.4246,50,22360.0,Cổ phiếu Tổng hợp,84.06113537117903
5.9,6.0,5.7,6.0,77700,2026-08-20,PGN,-18.918918918918926,99.66777408637874,5.484999999999999,6.154,65,23150.0,Cổ phiếu Tổng hợp,16.375545851528383
21.5,21.8,21.5,21.75,600,2026-08-20,PGV,4.971042471042475,83.05647840531542,21.531,20.936,95,11670.0,Cổ phiếu Tổng hợp,88.20960698689956
3.98,4.14,3.9,4.0,11900,2026-08-20,PHC,-14.346895074946463,41.49377593361003,4.063000000000001,4.369999999999999,20,8470.0,Cổ phiếu Tổng hợp,29.257641921397383
44.5,46.2,44.2,45.9,240800,2026-08-20,PHP,27.60633861551294,84.9575212393801,40.71,38.9024,95,236710.0,Cổ phiếu Tổng hợp,98.2532751091703
60.1,60.6,59.8,60.0,99500,2026-08-20,PHR,-10.71428571428572,24.96878901373305,58.375,60.902,50,320200.0,Cổ phiếu Tổng hợp,41.26637554585153
6.6,6.6,6.5,6.6,162000,2026-08-20,PIV,-9.589041095890416,99.009900990099,6.5,6.486000000000001,95,126430.0,Cổ phiếu Tổng hợp,46.06986899563319
20.2,20.4,19.9,20.1,64700,2026-08-20,PLC,-6.944444444444442,39.92015968063929,19.605,20.086,80,145600.0,Cổ phiếu Tổng hợp,57.64192139737992
4.29,4.33,4.21,4.33,4600,2026-08-20,PLP,2.8503562945368266,99.17355371900828,4.274500000000001,4.1812000000000005,95,36780.0,Cổ phiếu Tổng hợp,85.1528384279476
38.3,38.65,37.1,38.2,3968200,2026-08-20,PLX,0.2887897085849245,70.92198581560307,34.7255,35.069199999999995,95,4058090.0,Cổ phiếu Tổng hợp,79.91266375545851
36.5,37.8,36.5,37.3,5683400,2026-08-20,PNJ,-43.3990895295903,61.491160645657104,34.67,46.934,65,3624450.0,Cổ phiếu Tổng hợp,0.8733624454148471
14.2,14.2,14.2,14.2,2000,2026-08-20,POS,-5.333333333333334,0.0,13.98,14.082,80,6060.0,Cổ phiếu Tổng hợp,63.97379912663755
13.4,13.55,13.3,13.4,2793400,2026-08-20,POW,-3.2490974729241784,39.84063745019906,13.535,13.935,20,5364040.0,Cổ phiếu Tổng hợp,70.3056768558952
8.9,8.96,8.85,8.9,317500,2026-08-20,PPC,-9.460834181078326,45.04504504504519,8.9205,9.2122,20,179770.0,Cổ phiếu Tổng hợp,46.943231441048034
26.1,26.1,26.0,26.0,6500,2026-08-20,PPH,2.2012578616352085,0.0,25.5895,25.2302,80,26330.0,Cổ phiếu Tổng hợp,83.1877729257642
15.2,15.2,15.0,15.2,166500,2026-08-20,PPT,-1.9354838709677469,99.50248756218906,15.2,15.292,35,182450.0,Cổ phiếu Tổng hợp,74.235807860262
5.3,5.3,5.0,5.2,9200,2026-08-20,PSB,-5.454545454545457,66.44518272425259,5.04,5.14,95,15320.0,Cổ phiếu Tổng hợp,63.31877729257642
11.8,11.8,11.6,11.8,22700,2026-08-20,PSD,-8.668730650154789,99.50248756218906,12.55,12.8968,35,137160.0,Cổ phiếu Tổng hợp,50.43668122270743
8.6,8.8,8.5,8.7,124400,2026-08-20,PSI,-2.247191011235972,66.44518272425209,9.5,9.726,35,207800.0,Cổ phiếu Tổng hợp,73.14410480349345
31.8,32.05,31.7,32.0,45900,2026-08-20,PTB,-18.9873417721519,85.47008547008619,33.084999999999994,35.188,35,57830.0,Cổ phiếu Tổng hợp,16.157205240174672
1.78,1.86,1.74,1.78,34400,2026-08-20,PTL,-31.274131274131268,33.057851239669425,1.7915,2.0546,20,33960.0,Cổ phiếu Tổng hợp,2.838427947598253
4.8,4.8,4.8,4.8,100,2026-08-20,PTV,-15.789473684210533,0.0,4.69,5.058,50,5050.0,Cổ phiếu Tổng hợp,25.218340611353717
1.9,1.9,1.8,1.8,114700,2026-08-20,PV2,-9.999999999999998,0.0,1.83,1.91,20,60440.0,Cổ phiếu Tổng hợp,43.66812227074236
22.0,22.0,21.4,21.8,63000,2026-08-20,PVB,-17.42424242424242,66.55574043261251,21.270000000000003,22.806000000000004,65,104700.0,Cổ phiếu Tổng hợp,20.74235807860262
12.2,12.2,11.8,11.9,387800,2026-08-20,PVC,-19.047619047619047,24.93765586034913,11.98,12.622,20,515430.0,Cổ phiếu Tổng hợp,15.72052401746725
18.45,18.55,18.15,18.35,1865100,2026-08-20,PVD,2.114635503617146,49.875311720698704,18.29,18.732,50,2969530.0,Cổ phiếu Tổng hợp,82.96943231441048
5.6,5.6,5.5,5.6,44500,2026-08-20,PVG,-6.666666666666677,99.009900990099,5.615,5.756,35,26760.0,Cổ phiếu Tổng hợp,59.1703056768559
67.5,67.5,66.8,67.0,8400,2026-08-20,PVI,-2.4745269286754024,28.530670470756352,65.1875,65.5188,80,16810.0,Cổ phiếu Tổng hợp,72.48908296943232
5.8,5.9,5.8,5.8,2100,2026-08-20,PVO,-10.769230769230775,0.0,5.715,5.898,50,5230.0,Cổ phiếu Tổng hợp,40.8296943231441
18.1,18.1,17.8,17.9,286000,2026-08-20,PVP,2.2857142857142687,33.222591362125456,17.3975,17.456000000000003,80,576530.0,Cổ phiếu Tổng hợp,84.27947598253274
36.5,37.3,35.7,37.0,3513600,2026-08-20,PVS,-4.392764857881149,81.19925046845734,34.675,36.372,95,2583660.0,Cổ phiếu Tổng hợp,66.8122270742358
20.35,20.45,20.0,20.35,4282500,2026-08-20,PVT,2.209944751381232,77.60532150776098,18.7825,19.006,95,5302220.0,Cổ phiếu Tổng hợp,83.62445414847161
10.7,10.9,10.7,10.9,13400,2026-08-20,PXL,-15.503875968992242,99.50248756218906,10.84,11.626,65,20790.0,Cổ phiếu Tổng hợp,26.200873362445414
9.98,10.05,9.89,9.96,51600,2026-08-20,QCG,-21.882352941176464,43.47826086956536,10.014500000000002,11.1238,20,64440.0,Cổ phiếu Tổng hợp,10.698689956331878
31.0,31.4,30.3,31.4,4200,2026-08-20,QNP,-0.443880786303108,99.90917347865576,31.565,31.2746,65,1350.0,Cổ phiếu Tổng hợp,78.16593886462883
45.5,46.1,45.5,46.0,306700,2026-08-20,QNS,-3.076274757690689,83.19467554076519,46.02,46.974,35,168730.0,Cổ phiếu Tổng hợp,71.39737991266377
11.0,11.1,11.0,11.0,156200,2026-08-20,QTP,-9.090909090909085,0.0,11.13,11.362,20,175370.0,Cổ phiếu Tổng hợp,49.12663755458515
45.75,46.2,45.5,45.6,165300,2026-08-20,REE,-13.962264150943394,14.265335235378176,46.2575,47.485,20,262940.0,Cổ phiếu Tổng hợp,31.222707423580783
7.9,7.9,7.7,7.7,16000,2026-08-20,S99,-17.204301075268823,0.0,8.0,8.378,20,19430.0,Cổ phiếu Tổng hợp,21.61572052401747
45.95,47.2,45.9,46.8,1646400,2026-08-20,SAB,5.978260869565211,69.177555726364,44.8655,44.7086,95,987130.0,Cổ phiếu Tổng hợp,90.39301310043668
5.9,6.0,5.89,6.0,95300,2026-08-20,SAM,-1.4778325123152691,99.09909909909908,5.8315,5.888,95,78090.0,Cổ phiếu Tổng hợp,75.54585152838428
33.3,34.2,33.3,34.1,46700,2026-08-20,SAS,12.134166392634004,88.79023307436174,33.2795,33.6946,95,19220.0,Cổ phiếu Tổng hợp,94.97816593886463
12.85,12.9,12.85,12.9,3000,2026-08-20,SAV,-5.355832721936904,98.03921568627456,12.9325,13.1052,35,2630.0,Cổ phiếu Tổng hợp,63.53711790393013
24.8,24.8,24.8,24.8,1800,2026-08-19,SBA,-6.309029089535311,0.0,25.225,26.053999999999995,20,5950.0,Cổ phiếu Tổng hợp,61.135371179039296
6.9,6.9,6.9,6.9,6400,2026-08-20,SBD,1.3215859030837107,0.0,6.9785,7.2574,20,3590.0,Cổ phiếu Tổng hợp,81.22270742358079
12.55,13.2,12.45,13.2,498100,2026-08-20,SBG,27.78315585672797,99.86684420772303,12.21,12.1222,95,233770.0,Cổ phiếu Tổng hợp,98.471615720524
4.5,4.5,4.4,4.5,150300,2026-08-20,SBS,-4.255319148936176,99.009900990099,4.575,4.692,35,349100.0,Cổ phiếu Tổng hợp,67.03056768558952
23.8,23.9,23.7,23.8,1568900,2026-08-20,SBT,14.6987951807229,49.75124378109541,21.785,21.462,80,964620.0,Cổ phiếu Tổng hợp,95.41484716157204
64.4,64.7,64.0,64.0,18500,2026-08-20,SCG,-1.8404907975460127,0.0,64.485,63.486,50,22560.0,Cổ phiếu Tổng hợp,74.67248908296943
10.3,10.3,10.0,10.0,2500,2026-08-20,SCI,-16.666666666666664,0.0,10.68,11.044,20,16780.0,Cổ phiếu Tổng hợp,22.925764192139734
2.6,2.7,2.6,2.6,2800,2026-08-20,SCJ,-10.344827586206897,0.0,2.75,2.764,20,620.0,Cổ phiếu Tổng hợp,42.24890829694324
25.2,26.3,25.0,25.9,276600,2026-08-20,SCL,48.509174311926586,69.17755572636419,23.87,21.582,95,168950.0,Cổ phiếu Tổng hợp,99.34497816593888
4.5,4.51,4.4,4.43,1235200,2026-08-20,SCR,-17.350746268656724,27.02702702702659,4.5715,4.856599999999999,20,940960.0,Cổ phiếu Tổng hợp,20.96069868995633
45.0,45.7,45.0,45.35,65700,2026-08-20,SCS,-7.164790174002045,49.92867332382311,44.455,45.60099999999999,50,90960.0,Cổ phiếu Tổng hợp,57.20524017467249
7.0,7.3,7.0,7.3,2300,2026-08-18,SD5,-1.3513513513513598,99.66777408637874,7.05,7.213999999999999,95,8290.0,Cổ phiếu Tổng hợp,76.70940170940172
9.8,10.3,9.6,10.3,1100,2026-08-19,SD9,-5.504587155963304,99.8573466476462,10.185,10.548,65,8810.0,Cổ phiếu Tổng hợp,63.31877729257642
1.8,1.9,1.8,1.9,1400,2026-08-20,SDA,18.74999999999998,99.009900990099,1.86,2.044,65,39890.0,Cổ phiếu Tổng hợp,97.16157205240177
54.2,54.2,53.9,53.9,1100,2026-08-20,SGN,2.083333333333326,0.0,54.78000000000001,54.688,20,9170.0,Cổ phiếu Tổng hợp,82.75109170305677
20.5,20.7,19.5,20.4,15200,2026-08-20,SGP,-11.688311688311703,74.93755203996663,20.43,21.44,35,27250.0,Cổ phiếu Tổng hợp,37.99126637554585
10.45,10.45,9.87,9.9,64800,2026-08-20,SGR,-18.04635761589404,5.163511187607768,10.068,10.535600000000002,20,71500.0,Cổ phiếu Tổng hợp,19.432314410480352
8.75,8.75,8.24,8.31,57200,2026-08-20,SGT,-44.22818791946308,13.69863013698636,9.607,11.9768,20,57160.0,Cổ phiếu Tổng hợp,0.6550218340611353
11.55,11.6,11.45,11.6,23431500,2026-08-20,SHB,-15.94202898550725,99.33774834437084,11.6875,12.617,35,47685160.0,Cổ phiếu Tổng hợp,24.890829694323145
7.0,7.0,6.2,6.9,400,2026-08-20,SHE,9.523809523809534,87.39076154806497,7.210000000000001,7.013999999999999,35,1120.0,Cổ phiếu Tổng hợp,92.79475982532752
14.7,14.7,14.0,14.0,274500,2026-08-20,SHI,-0.7092198581560294,0.0,14.0075,14.103000000000002,20,290720.0,Cổ phiếu Tổng hợp,77.07423580786026
14.5,15.1,14.5,14.7,4587400,2026-08-20,SHS,-18.333333333333336,33.27787021630606,15.365,16.97,20,10388910.0,Cổ phiếu Tổng hợp,18.12227074235808
49.6,49.9,48.8,49.3,88100,2026-08-20,SIP,-3.898635477582846,45.4132606721162,49.44,49.58200000000001,20,89480.0,Cổ phiếu Tổng hợp,68.3406113537118
13.9,13.95,13.9,13.95,26100,2026-08-20,SJD,-1.0638297872340496,98.03921568627447,13.9525,14.008,35,47680.0,Cổ phiếu Tổng hợp,76.41921397379913
11.5,11.7,11.5,11.7,7900,2026-08-20,SJE,-13.33333333333334,99.50248756218906,11.36,12.0,65,61610.0,Cổ phiếu Tổng hợp,33.84279475982533
47.4,47.4,47.2,47.2,1600,2026-08-20,SJS,-7.632093933463791,0.0,47.25,47.749,20,46760.0,Cổ phiếu Tổng hợp,54.58515283842795
7.6,7.6,7.44,7.57,77700,2026-08-20,SKG,-13.38672768878718,80.74534161490715,7.6175,8.055,35,65030.0,Cổ phiếu Tổng hợp,33.624454148471614
10.0,10.0,9.95,9.95,35400,2026-08-20,SMC,-11.555555555555564,0.0,10.517500000000002,10.4346,20,78410.0,Cổ phiếu Tổng hợp,38.864628820960704
1.5,1.5,1.5,1.5,100,2026-08-20,SRB,-11.764705882352944,0.0,1.5100000000000002,1.602,20,5130.0,Cổ phiếu Tổng hợp,37.66375545851528
7.2,7.49,7.05,7.49,18400,2026-08-20,SRF,-7.530864197530862,99.77324263038548,7.499,7.6988,35,10170.0,Cổ phiếu Tổng hợp,55.24017467248908
15.1,15.1,14.9,15.1,2557000,2026-08-20,SSB,4.498269896193774,99.50248756218906,15.3175,15.541000000000002,35,2134050.0,Cổ phiếu Tổng hợp,87.77292576419214
61.0,61.0,61.0,61.0,300,2026-08-18,SSH,-41.57088122605364,0.0,62.87050000000001,73.008,20,290.0,Cổ phiếu Tổng hợp,1.0683760683760684
19.6,19.7,19.4,19.4,11042500,2026-08-20,SSI,-11.898274296094469,0.0,19.3255,20.2566,50,18970890.0,Cổ phiếu Tổng hợp,37.117903930131
2.1,2.12,2.09,2.09,137400,2026-08-20,ST8,-30.333333333333336,0.0,2.444,2.7416,20,150280.0,Cổ phiếu Tổng hợp,3.056768558951965
75.0,75.8,73.6,74.5,2238300,2026-08-20,STB,9.558823529411775,40.8905043162201,73.28,72.354,80,3185830.0,Cổ phiếu Tổng hợp,93.23144104803494
8.3,8.56,8.3,8.31,3100,2026-08-20,STK,-24.45454545454545,3.831417624520994,8.486500000000001,8.95,20,8470.0,Cổ phiếu Tổng hợp,7.423580786026202
4.47,4.5,4.19,4.25,25200,2026-08-20,SVD,-2.745995423340964,19.292604501607617,4.2085,4.3554,50,15290.0,Cổ phiếu Tổng hợp,71.83406113537117
23.7,23.7,23.7,23.7,1200,2026-08-20,SWC,-4.435483870967749,0.0,23.9,24.234,20,3280.0,Cổ phiếu Tổng hợp,66.5938864628821
19.4,19.4,18.8,18.95,245700,2026-08-20,SZC,-22.0164609053498,24.95840266222947,18.8075,20.522,50,563950.0,Cổ phiếu Tổng hợp,10.480349344978166
10.2,10.2,10.2,10.2,100,2026-08-20,TA9,2.0000000000000018,0.0,10.165,10.0788,80,2310.0,Cổ phiếu Tổng hợp,82.31441048034934
23.65,23.75,23.5,23.5,56500,2026-08-20,TAL,-24.193548387096776,0.0,23.375,24.372,50,154250.0,Cổ phiếu Tổng hợp,8.078602620087336
31.2,31.3,30.85,31.0,6415500,2026-08-20,TCB,-4.907975460122705,33.25942350332568,30.1175,31.325,50,18072910.0,Cổ phiếu Tổng hợp,64.8471615720524
11.7,11.8,11.5,11.6,3070800,2026-08-20,TCH,-24.91909385113269,33.222591362126046,11.82,13.179,20,4498010.0,Cổ phiếu Tổng hợp,6.768558951965066
9.2,9.75,9.2,9.72,52900,2026-08-20,TCI,-15.109170305676844,94.3738656987297,9.805,10.2452,35,11520.0,Cổ phiếu Tổng hợp,27.074235807860266
29.3,29.6,29.3,29.5,2800,2026-08-20,TCL,-4.53074433656957,66.44518272425209,29.49,29.855,65,6070.0,Cổ phiếu Tổng hợp,66.37554585152839
16.45,16.55,16.3,16.45,146500,2026-08-20,TCM,-22.22222222222222,59.76095617529824,16.642500000000002,18.468,35,669810.0,Cổ phiếu Tổng hợp,10.262008733624455
10.6,11.2,10.6,11.2,692100,2026-08-20,TCO,-20.84805653710248,99.83361064891848,10.6125,10.859000000000002,95,261050.0,Cổ phiếu Tổng hợp,11.790393013100436
29.0,29.2,29.0,29.2,5700,2026-08-20,TCW,-1.7165937394816644,99.50248756218906,29.09,29.2898,65,3100.0,Cổ phiếu Tổng hợp,75.32751091703057
7.3,7.37,7.25,7.28,49600,2026-08-20,TDC,-26.241134751773043,24.793388429752248,7.275999999999999,8.2078,50,103610.0,Cổ phiếu Tổng hợp,5.458515283842795
2.37,2.39,2.29,2.31,15300,2026-08-20,TDG,-7.599999999999996,19.8019801980198,2.4965,2.4442,20,14180.0,Cổ phiếu Tổng hợp,55.021834061135365
3.36,3.37,3.3,3.34,58100,2026-08-20,TDH,-10.93333333333334,56.33802816901391,3.311,3.4998,65,52670.0,Cổ phiếu Tổng hợp,40.174672489082965
6.8,6.8,6.7,6.7,17500,2026-08-20,TDT,-5.766526019690577,0.0,6.890000000000001,7.004,20,27960.0,Cổ phiếu Tổng hợp,61.79039301310044
6.28,6.28,5.85,5.85,2200,2026-08-20,TEG,-8.163265306122458,0.0,5.976999999999999,5.9484,20,31760.0,Cổ phiếu Tổng hợp,53.27510917030568
45.7,45.7,45.7,45.7,100,2026-08-05,TFC,-2.765957446808509,0.0,47.035,48.738,20,470.0,Cổ phiếu Tổng hợp,71.3978494623656
9.1,9.2,9.1,9.2,25100,2026-08-14,THM,4.545454545454519,99.009900990099,8.92,8.43,95,17610.0,Cổ phiếu Tổng hợp,88.69936034115139
7.0,7.1,7.0,7.0,17900,2026-08-20,THT,-15.56091676718938,0.0,7.280000000000001,7.672,20,12670.0,Cổ phiếu Tổng hợp,25.982532751091703
18.3,20.4,18.2,20.4,600,2026-08-19,TID,5.864037363777896,99.95456610631533,19.56,19.247,95,3070.0,Cổ phiếu Tổng hợp,91.26637554585152
5.8,5.8,5.7,5.7,272700,2026-08-20,TIG,-14.925373134328357,0.0,5.8950000000000005,6.158,20,489200.0,Cổ phiếu Tổng hợp,27.7292576419214
16.85,16.85,16.8,16.8,6000,2026-08-20,TIP,-7.438016528925607,0.0,16.907500000000002,17.461,20,22160.0,Cổ phiếu Tổng hợp,55.67685589519651
4.1,4.1,4.1,4.1,2000,2026-08-20,TIS,-14.583333333333336,0.0,4.14,4.33,20,4300.0,Cổ phiếu Tổng hợp,28.82096069868996
8.35,8.35,8.3,8.35,10500,2026-08-20,TLD,-1.764705882352946,98.03921568627447,8.361,8.439400000000001,35,71590.0,Cổ phiếu Tổng hợp,75.10917030567686
51.5,52.9,51.5,51.9,113700,2026-08-20,TLG,8.012486992715928,28.55103497501777,49.4425,48.4442,80,191550.0,Cổ phiếu Tổng hợp,91.48471615720524
3.95,4.0,3.94,3.95,82500,2026-08-20,TLH,-13.943355119825709,16.393442622951184,3.9615,4.1814,20,100660.0,Cổ phiếu Tổng hợp,31.65938864628821
11.35,11.5,11.05,11.05,3500,2026-08-20,TMT,-5.957446808510635,0.0,11.3725,11.496,20,1990.0,Cổ phiếu Tổng hợp,61.135371179039296
16.9,16.9,16.5,16.6,517900,2026-08-20,TNG,-7.982261640798216,24.93765586034957,16.8975,17.386,20,312000.0,Cổ phiếu Tổng hợp,53.493449781659386
8.48,8.48,8.35,8.38,37400,2026-08-20,TNH,-12.70833333333332,22.90076335877936,8.241,8.374600000000001,80,77860.0,Cổ phiếu Tổng hợp,35.58951965065502
6.29,6.29,6.09,6.1,737200,2026-08-20,TNI,23.983739837398367,4.975124378109342,6.364,5.731999999999999,50,1000150.0,Cổ phiếu Tổng hợp,97.81659388646288
9.15,9.15,8.51,9.05,10600,2026-08-20,TNT,-13.809523809523805,84.24336973478947,9.459,10.3528,35,12700.0,Cổ phiếu Tổng hợp,31.877729257641924
14.5,14.6,14.35,14.5,6285000,2026-08-20,TPB,-8.805031446540879,59.76095617529895,14.4175,15.294,65,5948370.0,Cổ phiếu Tổng hợp,49.56331877729257
1.99,1.99,1.95,1.97,47700,2026-08-20,TSC,-11.659192825112108,48.78048780487805,2.008,2.1338,20,65320.0,Cổ phiếu Tổng hợp,38.209606986899566
11.45,11.5,11.3,11.35,64100,2026-08-20,TTA,10.194174757281548,24.87562189054682,11.09,11.154000000000002,80,206440.0,Cổ phiếu Tổng hợp,93.44978165938863
1.78,1.79,1.75,1.77,420100,2026-08-20,TTF,-22.36842105263157,48.78048780487805,1.812,1.977,20,370220.0,Cổ phiếu Tổng hợp,10.04366812227074
2.0,2.1,2.0,2.1,54300,2026-08-20,TTH,-8.695652173913038,99.009900990099,2.035,2.218,65,66100.0,Cổ phiếu Tổng hợp,50.0
12.4,12.4,12.2,12.2,4000,2026-08-20,TTN,-10.425844346549196,0.0,12.365,13.02,20,9000.0,Cổ phiếu Tổng hợp,41.70305676855895
25.45,25.65,25.3,25.45,22000,2026-08-20,TV2,-14.88294314381271,42.73504273504259,25.78,26.934,20,114950.0,Cổ phiếu Tổng hợp,28.16593886462882
7.09,7.09,7.09,7.09,100,2026-08-20,TVB,-1.8005540166204923,0.0,7.108,7.3394,20,11630.0,Cổ phiếu Tổng hợp,74.89082969432314
7.7,7.9,7.2,7.9,11600,2026-08-20,TVC,-10.22727272727273,99.8573466476462,8.18,8.946,35,7570.0,Cổ phiếu Tổng hợp,42.5764192139738
8.6,8.7,8.6,8.7,1000,2026-08-20,TVD,-7.348242811501615,99.009900990099,8.73,8.932,35,11440.0,Cổ phiếu Tổng hợp,56.11353711790393
9.6,9.7,9.3,9.3,792300,2026-08-20,TVN,-21.84873949579832,0.0,9.099999999999998,10.176,50,966670.0,Cổ phiếu Tổng hợp,10.91703056768559
13.9,14.3,13.7,14.2,109100,2026-08-20,TVS,16.872427983539097,83.19467554076519,13.0035,13.2704,95,109630.0,Cổ phiếu Tổng hợp,96.72489082969432
4.5,4.6,4.5,4.6,900,2026-08-20,TXM,-4.166666666666674,99.009900990099,4.38,4.504,95,3900.0,Cổ phiếu Tổng hợp,67.68558951965066
2.7,2.7,2.6,2.6,11500,2026-08-20,UDC,-10.344827586206897,0.0,2.85,2.8840000000000003,20,21540.0,Cổ phiếu Tổng hợp,42.24890829694324
6.7,6.7,6.7,6.7,400,2026-08-19,UNI,-16.249999999999996,0.0,6.635,6.997999999999999,50,1150.0,Cổ phiếu Tổng hợp,27.074235807860266
9.93,10.05,9.93,10.0,555700,2026-08-20,VAB,-3.846153846153855,57.85123966942125,10.0425,10.579,35,454910.0,Cổ phiếu Tổng hợp,68.77729257641921
3.7,3.8,3.7,3.7,5800,2026-08-20,VC2,-13.953488372093014,0.0,3.76,4.058,20,32260.0,Cổ phiếu Tổng hợp,31.4410480349345
24.6,24.9,24.5,24.9,1026200,2026-08-20,VC3,-3.861003861003864,99.75062344139651,25.465,26.024,35,1218070.0,Cổ phiếu Tổng hợp,68.5589519650655
7.3,7.4,7.2,7.3,51000,2026-08-20,VC7,-14.117647058823534,49.75124378109431,7.3,7.806,20,98240.0,Cổ phiếu Tổng hợp,30.131004366812224
57.8,58.1,57.3,57.8,3006600,2026-08-20,VCB,-7.193320488118182,62.42197253433175,58.03,59.1298,35,3748220.0,Cổ phiếu Tổng hợp,56.76855895196506
15.6,15.7,15.4,15.5,991400,2026-08-20,VCG,-15.300546448087438,33.222591362126245,15.675,16.8064,20,1893990.0,Cổ phiếu Tổng hợp,26.419213973799128
21.15,21.25,20.65,20.7,6203200,2026-08-20,VCI,-17.200000000000003,8.319467554076637,21.205,22.67,20,8008320.0,Cổ phiếu Tổng hợp,21.83406113537118
23.4,23.4,23.2,23.2,3600,2026-08-20,VCP,-0.4291845493562318,0.0,23.5,23.566,20,9660.0,Cổ phiếu Tổng hợp,78.38427947598254
32.5,32.5,32.2,32.4,34900,2026-08-20,VCS,-11.232876712328776,66.44518272425171,32.995000000000005,34.413799999999995,35,27730.0,Cổ phiếu Tổng hợp,39.956331877729255
30.3,32.4,30.25,32.4,2400,2026-08-20,VDP,-19.76225854383359,99.953509995351,37.6315,39.6964,35,850.0,Cổ phiếu Tổng hợp,14.847161572052403
11.6,11.75,11.6,11.6,304300,2026-08-20,VDS,-17.14285714285715,0.0,11.8425,13.322,20,649850.0,Cổ phiếu Tổng hợp,22.05240174672489
2.8,2.8,2.8,2.8,100,2026-08-20,VE1,-15.151515151515149,0.0,2.955,3.06,20,3390.0,Cổ phiếu Tổng hợp,26.85589519650655
2.8,2.9,2.8,2.9,17200,2026-08-20,VE9,-23.684210526315784,99.009900990099,2.745,2.968,65,9410.0,Cổ phiếu Tổng hợp,8.951965065502183
35.0,35.2,34.9,35.1,153800,2026-08-20,VEA,0.8620689655172598,66.44518272425249,34.705,34.816,95,223500.0,Cổ phiếu Tổng hợp,80.56768558951966
29.7,29.7,29.7,29.7,4000,2026-08-20,VEC,33.7837837837838,0.0,29.32,26.682,80,6560.0,Cổ phiếu Tổng hợp,98.68995633187772
44.5,44.5,44.5,44.5,300,2026-08-20,VFG,-7.2916666666666625,0.0,45.6075,46.195,20,2930.0,Cổ phiếu Tổng hợp,56.33187772925764
9.9,10.0,9.8,9.8,446900,2026-08-20,VFS,-19.00826446280991,0.0,9.85,10.174,20,668310.0,Cổ phiếu Tổng hợp,15.938864628820962
40.9,41.15,40.5,40.55,266900,2026-08-20,VGC,0.8455608057696962,7.680491551458873,38.734,39.3656,80,439600.0,Cổ phiếu Tổng hợp,80.34934497816593
85.5,88.4,85.2,87.3,593600,2026-08-20,VGI,-6.631016042780747,65.60449859418908,82.76,84.72399999999999,95,426850.0,Cổ phiếu Tổng hợp,59.60698689956332
18.7,19.4,17.6,17.8,69200,2026-08-20,VGS,-21.238938053097343,11.10494169905606,17.85,19.548,20,92630.0,Cổ phiếu Tổng hợp,11.572052401746726
11.5,11.5,11.3,11.4,329300,2026-08-20,VGT,-0.8695652173912993,49.75124378109453,10.9995,11.041,80,552910.0,Cổ phiếu Tổng hợp,76.63755458515283
52.9,53.1,52.3,52.5,188900,2026-08-20,VHC,-10.71428571428571,24.96878901373305,53.165,55.964,20,511050.0,Cổ phiếu Tổng hợp,41.48471615720524
3.0,3.0,2.9,3.0,32100,2026-08-20,VHE,-6.25,99.009900990099,2.9850000000000003,3.082,65,83290.0,Cổ phiếu Tổng hợp,60.37117903930132
1.7,1.7,1.5,1.6,41000,2026-08-20,VHG,0.0,49.75124378109459,1.6149999999999998,1.638,20,86700.0,Cổ phiếu Tổng hợp,78.93013100436681
69.6,70.5,69.1,69.5,4626100,2026-08-20,VHM,-8.468326089819577,28.551034975018137,71.25,71.533,20,6913330.0,Cổ phiếu Tổng hợp,51.09170305676856
14.4,14.45,14.35,14.4,3280800,2026-08-20,VIB,-11.65644171779141,49.50495049505038,14.555,15.374,20,3602580.0,Cổ phiếu Tổng hợp,38.42794759825328
201.8,204.2,201.0,202.0,5246400,2026-08-20,VIC,-4.174573055028463,31.240237425804544,210.975,213.818,20,5486000.0,Cổ phiếu Tổng hợp,67.46724890829694
4.0,4.1,3.9,4.1,43500,2026-08-20,VIG,-6.818181818181834,99.50248756218906,4.16,4.386,35,47300.0,Cổ phiếu Tổng hợp,58.951965065502186
9.77,9.77,9.65,9.68,4800,2026-08-20,VIP,-6.563706563706562,24.793388429751698,9.8595,10.131,20,47270.0,Cổ phiếu Tổng hợp,59.82532751091703
12.75,12.9,12.55,12.65,21192300,2026-08-20,VIX,-24.52267303102625,28.49002849002842,12.668,14.1664,20,38551290.0,Cổ phiếu Tổng hợp,6.986899563318777
123.3,124.0,122.3,123.4,1437200,2026-08-20,VJC,-5.859017393957888,64.66784244562062,125.21,132.1978,35,1380740.0,Cổ phiếu Tổng hợp,61.35371179039302
48.5,48.6,48.3,48.6,73500,2026-08-20,VLB,10.354223433242504,99.66777408637874,48.08,47.6292,95,34390.0,Cổ phiếu Tổng hợp,93.66812227074236
12.0,12.0,11.9,11.9,31400,2026-08-20,VLC,-8.461538461538453,0.0,12.135000000000002,12.291999999999998,20,69690.0,Cổ phiếu Tổng hợp,51.31004366812228
7.1,7.1,7.1,7.1,1900,2026-08-20,VLG,-13.414634146341465,0.0,7.529999999999999,7.668000000000001,20,760.0,Cổ phiếu Tổng hợp,33.4061135371179
14.2,14.2,14.2,14.2,100,2026-08-18,VNA,-23.4501347708895,0.0,13.905,14.4972,50,1850.0,Cổ phiếu Tổng hợp,8.974358974358974
13.3,13.3,13.1,13.2,18200,2026-08-20,VNB,-8.333333333333337,49.75124378109408,13.105,13.57,50,11490.0,Cổ phiếu Tổng hợp,52.40174672489083
15.95,16.05,15.7,15.8,4533600,2026-08-20,VND,-8.670520231213874,28.49002849002878,16.482499999999998,17.25,20,8782550.0,Cổ phiếu Tổng hợp,50.21834061135371
2.2,2.3,2.1,2.3,205500,2026-08-20,VNE,-23.33333333333334,99.50248756218906,2.235,2.6068,65,482380.0,Cổ phiếu Tổng hợp,9.170305676855897
18.8,18.8,18.8,18.8,31300,2026-08-20,VNL,-0.7915567282321789,0.0,18.9575,18.843,20,8440.0,Cổ phiếu Tổng hợp,76.85589519650655
63.1,64.3,62.7,64.0,6309900,2026-08-20,VNM,12.02520567127603,81.19925046845734,60.92,58.3226,95,4765540.0,Cổ phiếu Tổng hợp,94.75982532751092
7.14,7.14,7.14,7.14,1100,2026-08-20,VNS,-6.052631578947365,0.0,7.3805,7.682,20,15770.0,Cổ phiếu Tổng hợp,60.69868995633188
10.9,11.1,10.9,10.9,193200,2026-08-20,VOS,-12.449799196787136,0.0,10.9125,11.519,20,369280.0,Cổ phiếu Tổng hợp,36.46288209606987
24.9,25.05,24.8,24.9,10121700,2026-08-20,VPB,-8.791208791208794,39.84063745019835,25.0975,25.936,20,13816730.0,Cổ phiếu Tổng hợp,49.78165938864629
1.82,1.82,1.74,1.76,268900,2026-08-20,VPG,-46.50455927051672,24.69135802469136,1.863,2.2030000000000003,20,198970.0,Cổ phiếu Tổng hợp,0.4366812227074235
3.0,3.03,3.0,3.0,29600,2026-08-20,VPH,-20.42440318302388,0.0,3.104,3.346,20,26560.0,Cổ phiếu Tổng hợp,12.663755458515285
62.6,63.5,61.8,63.5,1876800,2026-08-20,VPI,2.254428341384851,99.94121105232216,62.645,62.014,95,2579440.0,Cổ phiếu Tổng hợp,83.84279475982532
11.4,11.7,11.0,11.7,5300,2026-08-20,VRC,-14.28571428571429,99.8573466476462,12.0125,12.233999999999998,35,121600.0,Cổ phiếu Tổng hợp,29.912663755458517
24.1,24.55,24.1,24.15,3191100,2026-08-20,VRE,-22.47191011235955,11.086474501108034,24.3375,25.841200000000004,20,4661210.0,Cổ phiếu Tổng hợp,9.82532751091703
14.7,14.7,14.25,14.3,8605600,2026-08-20,VSC,-29.2079207920792,11.086474501108825,14.21,16.104,50,9612470.0,Cổ phiếu Tổng hợp,3.2751091703056767
5.0,5.1,4.7,4.8,389000,2026-08-20,VTD,-4.000000000000004,24.93765586034907,4.885,4.8260000000000005,20,559420.0,Cổ phiếu Tổng hợp,68.12227074235808
38.4,38.4,37.6,37.6,1800,2026-08-20,VTK,-3.092783505154628,0.0,38.69,39.2562,20,7550.0,Cổ phiếu Tổng hợp,71.17903930131004
10.45,10.5,10.35,10.4,49600,2026-08-20,VTO,-5.540417801998176,33.11258278145735,10.4425,10.461000000000002,20,52650.0,Cổ phiếu Tổng hợp,62.882096069869
57.2,58.1,54.1,55.2,1794200,2026-08-20,VTP,-0.6479481641468721,27.49312671832045,51.105,52.4076,80,1036330.0,Cổ phiếu Tổng hợp,77.51091703056768
10.2,10.6,10.1,10.4,2400,2026-08-20,VTR,4.000000000000004,59.88023952095822,10.425,10.568,35,6260.0,Cổ phiếu Tổng hợp,87.117903930131
14.0,14.4,14.0,14.4,57000,2026-08-20,VTV,-2.0408163265306034,99.75062344139651,13.59,13.62,95,78900.0,Cổ phiếu Tổng hợp,73.7991266375546
20.2,20.3,20.2,20.3,975500,2026-08-20,VTZ,-0.4901960784313597,99.00990099009904,20.285000000000004,20.33,65,997330.0,Cổ phiếu Tổng hợp,77.9475982532751
9.5,9.5,9.5,9.5,200,2026-08-18,XMC,4.395604395604402,0.0,9.815,9.918,20,27350.0,Cổ phiếu Tổng hợp,88.24786324786325
7.51,7.59,7.5,7.51,112100,2026-08-20,YEG,-18.45819761129208,10.989010989010772,7.5845,8.2558,20,352330.0,Cổ phiếu Tổng hợp,17.685589519650655
